{
  "design_A_oil_filled_aluminum": {
    "time_to_0C_s": 104.0,
    "peak_flux_W": 100.24507998339674,
    "final_temp_C": 2.1800250543856943,
    "steady_state_flux_W": 3.5546515184234777
  },
  "design_B_solid_copper": {
    "time_to_0C_s": 29.0,
    "peak_flux_W": 535.4059279880405,
    "final_temp_C": 24.435580567143795,
    "steady_state_flux_W": 5.244211179559561
  },
  "copper_speedup_ratio": 3.586206896551724
}